Gagné,Arnaud,arnaud.gagné@exemple.com,Homme,65      
Poirier,Sylvie,sylvie.poirier@exemple.com,Femme,34      
Gauthier,Arnaud,arnaud.gauthier@exemple.com,Homme,65      
Pelletier,Nicolas,nicolas.pelletier@exemple.com,Homme,56      
Bergeron,Jacques,jacques.bergeron@exemple.com,Homme,24      
Gauthier,Sébastien,sébastien.gauthier@exemple.com,Homme,58      
Morissette,Marion,marion.morissette@exemple.com,Femme,21      
Pelletier,Laurence,laurence.pelletier@exemple.com,Femme,23      
Desjardins,Nicolas,nicolas.desjardins@exemple.com,Homme,54      
Landry,Sophie,sophie.landry@exemple.com,Femme,53      
Gagnon,Christophe,christophe.gagnon@exemple.com,Homme,41      
Bélanger,Christine,christine.bélanger@exemple.com,Femme,42      
Leblanc,Sandrine,sandrine.leblanc@exemple.com,Femme,46      
Leclerc,Christophe,christophe.leclerc@exemple.com,Homme,29      
Paquette,Richard,richard.paquette@exemple.com,Homme,19      
Lefebvre,Marion,marion.lefebvre@exemple.com,Femme,43      
Gosselin,Philippe,philippe.gosselin@exemple.com,Homme,32      
Lemieux,Julie,julie.lemieux@exemple.com,Femme,28      
Martin,Nathalie,nathalie.martin@exemple.com,Femme,65      
Girard,Mathieu,mathieu.girard@exemple.com,Homme,21      
Hamel,Emmanuelle,emmanuelle.hamel@exemple.com,Femme,39      
Rousseau,Guillaume,guillaume.rousseau@exemple.com,Homme,44      
Desjardins,Stéphanie,stéphanie.desjardins@exemple.com,Femme,42      
Pelletier,Élizabeth,élizabeth.pelletier@exemple.com,Femme,25      
Bédard,Maxime,maxime.bédard@exemple.com,Homme,64      
Dion,Vanessa,vanessa.dion@exemple.com,Femme,45      
Lachance,Christine,christine.lachance@exemple.com,Femme,24      
Dion,Isabelle,isabelle.dion@exemple.com,Femme,27      
Ouellet,Pauline,pauline.ouellet@exemple.com,Femme,47      
Turcotte,Laurence,laurence.turcotte@exemple.com,Femme,47      
Leclerc,Luc,luc.leclerc@exemple.com,Homme,62      
Lemieux,Nicolas,nicolas.lemieux@exemple.com,Homme,58      
Couture,Audrey,audrey.couture@exemple.com,Femme,39      
Rivard,Luc,luc.rivard@exemple.com,Homme,33      
Simard,Camille,camille.simard@exemple.com,Femme,24      
Lavoie,Jessica,jessica.lavoie@exemple.com,Femme,48      
Vachon,Chloé,chloé.vachon@exemple.com,Femme,46      
Desjardins,Pauline,pauline.desjardins@exemple.com,Femme,27      
Caron,Élise,élise.caron@exemple.com,Femme,46      
Thibault,Aurélie,aurélie.thibault@exemple.com,Femme,32      
Perron,Fabrice,fabrice.perron@exemple.com,Homme,22      
Renaud,Christine,christine.renaud@exemple.com,Femme,60      
Desjardins,Stéphanie,stéphanie.desjardins@exemple.com,Femme,27      
Poirier,Frédéric,frédéric.poirier@exemple.com,Homme,46      
Renaud,Laura,laura.renaud@exemple.com,Femme,23      
Martel,Antoine,antoine.martel@exemple.com,Homme,58      
Boucher,Mélanie,mélanie.boucher@exemple.com,Femme,36      
Morissette,Jacques,jacques.morissette@exemple.com,Homme,58      
Leblanc,Virginie,virginie.leblanc@exemple.com,Femme,59      
Rousseau,Laurent,laurent.rousseau@exemple.com,Homme,22      
Fortin,Florence,florence.fortin@exemple.com,Femme,61      
Ouellet,Sophie,sophie.ouellet@exemple.com,Femme,54      
Vachon,Mélanie,mélanie.vachon@exemple.com,Femme,51      
Dion,Vincent,vincent.dion@exemple.com,Homme,39      
Paquette,Stéphanie,stéphanie.paquette@exemple.com,Femme,43      
Couture,Jérôme,jérôme.couture@exemple.com,Homme,48      
Perron,Jean,jean.perron@exemple.com,Homme,40      
Lapointe,Nicolas,nicolas.lapointe@exemple.com,Homme,62      
Pelletier,Laura,laura.pelletier@exemple.com,Femme,60      
Couture,Pauline,pauline.couture@exemple.com,Femme,25      
Couture,Maxime,maxime.couture@exemple.com,Homme,45      
Martel,Cécile,cécile.martel@exemple.com,Femme,50      
St-Pierre,Lucie,lucie.st-pierre@exemple.com,Femme,49      
Tremblay,Émilie,émilie.tremblay@exemple.com,Femme,22      
Gagné,Yves,yves.gagné@exemple.com,Homme,36      
Lefebvre,Pauline,pauline.lefebvre@exemple.com,Femme,42      
Vachon,Charlotte,charlotte.vachon@exemple.com,Femme,60      
Desjardins,Élise,élise.desjardins@exemple.com,Femme,33      
Turcotte,Julien,julien.turcotte@exemple.com,Homme,63      
Roy,Sarah,sarah.roy@exemple.com,Femme,64      
St-Pierre,Jacques,jacques.st-pierre@exemple.com,Homme,54      
Hamel,Aurélie,aurélie.hamel@exemple.com,Femme,55      
Bédard,Antoine,antoine.bédard@exemple.com,Homme,59      
Ménard,Christophe,christophe.ménard@exemple.com,Homme,22      
Gagnon,Manon,manon.gagnon@exemple.com,Femme,18      
Roy,Sandrine,sandrine.roy@exemple.com,Femme,51      
Lavoie,Nathalie,nathalie.lavoie@exemple.com,Femme,62      
Leblanc,Sophie,sophie.leblanc@exemple.com,Femme,65      
St-Pierre,Manon,manon.st-pierre@exemple.com,Femme,59      
Dupont,Emmanuelle,emmanuelle.dupont@exemple.com,Femme,62      
Martin,Virginie,virginie.martin@exemple.com,Femme,48      
Gagné,Richard,richard.gagné@exemple.com,Homme,57      
Fortin,Denis,denis.fortin@exemple.com,Homme,41      
Bergeron,Virginie,virginie.bergeron@exemple.com,Femme,42      
Landry,Cécile,cécile.landry@exemple.com,Femme,40      
Gagnon,Sébastien,sébastien.gagnon@exemple.com,Homme,54      
Bédard,Jacques,jacques.bédard@exemple.com,Homme,22      
Bergeron,David,david.bergeron@exemple.com,Homme,22      
Lemieux,Thomas,thomas.lemieux@exemple.com,Homme,47      
Tremblay,Frédéric,frédéric.tremblay@exemple.com,Homme,21      
Couture,Claire,claire.couture@exemple.com,Femme,37      
Thibault,Stéphanie,stéphanie.thibault@exemple.com,Femme,21      
Martin,Julie,julie.martin@exemple.com,Femme,58      
Lavoie,Daniel,daniel.lavoie@exemple.com,Homme,50      
Dion,Clémence,clémence.dion@exemple.com,Femme,22      
Vachon,Alexandra,alexandra.vachon@exemple.com,Femme,45      
Perron,Thierry,thierry.perron@exemple.com,Homme,46      
Martel,Mathieu,mathieu.martel@exemple.com,Homme,49      
Pelletier,Sophie,sophie.pelletier@exemple.com,Femme,49      
Gagné,Richard,richard.gagné@exemple.com,Homme,39      
Beaulieu,Jacques,jacques.beaulieu@exemple.com,Homme,24      
Dion,Pierre,pierre.dion@exemple.com,Homme,44      
Boivin,Éric,éric.boivin@exemple.com,Homme,59      
Lapointe,Léna,léna.lapointe@exemple.com,Femme,44      
Bédard,Pauline,pauline.bédard@exemple.com,Femme,34      
Vachon,Élodie,élodie.vachon@exemple.com,Femme,27      
Hamel,Fabrice,fabrice.hamel@exemple.com,Homme,39      
Desjardins,Thomas,thomas.desjardins@exemple.com,Homme,47      
Bédard,Jérôme,jérôme.bédard@exemple.com,Homme,49      
Simard,Alice,alice.simard@exemple.com,Femme,39      
Poirier,Christophe,christophe.poirier@exemple.com,Homme,63      
Poirier,Thomas,thomas.poirier@exemple.com,Homme,42      
Lefebvre,Charlotte,charlotte.lefebvre@exemple.com,Femme,20      
Pelletier,Marc,marc.pelletier@exemple.com,Homme,43      
Desjardins,Vincent,vincent.desjardins@exemple.com,Homme,56      
Rousseau,Océane,océane.rousseau@exemple.com,Femme,29      
Lefebvre,Nicolas,nicolas.lefebvre@exemple.com,Homme,62      
Boucher,Daniel,daniel.boucher@exemple.com,Homme,37      
St-Pierre,Lucie,lucie.st-pierre@exemple.com,Femme,52      
Caron,Alice,alice.caron@exemple.com,Femme,20      
Caron,Jacques,jacques.caron@exemple.com,Homme,21      
Lemieux,Pierre,pierre.lemieux@exemple.com,Homme,19      
Gagnon,Thierry,thierry.gagnon@exemple.com,Homme,31      
Bergeron,David,david.bergeron@exemple.com,Homme,31      
Morin,Daniel,daniel.morin@exemple.com,Homme,54      
Caron,Guillaume,guillaume.caron@exemple.com,Homme,27      
Martin,Jean,jean.martin@exemple.com,Homme,40      
Leblanc,Mathieu,mathieu.leblanc@exemple.com,Homme,61      
Tremblay,Yannick,yannick.tremblay@exemple.com,Homme,61      
Gagnon,Christophe,christophe.gagnon@exemple.com,Homme,41      
Beaulieu,Vincent,vincent.beaulieu@exemple.com,Homme,64      
Tremblay,Paul,paul.tremblay@exemple.com,Homme,21      
Girard,Aurore,aurore.girard@exemple.com,Femme,23      
Renaud,Laurent,laurent.renaud@exemple.com,Homme,42      
Lemieux,Clémence,clémence.lemieux@exemple.com,Femme,60      
Martel,Frédéric,frédéric.martel@exemple.com,Homme,36      
Beaulieu,Renaud,renaud.beaulieu@exemple.com,Homme,42      
Morin,Marc,marc.morin@exemple.com,Homme,39      
Perron,Louis,louis.perron@exemple.com,Homme,39      
Bergeron,Sébastien,sébastien.bergeron@exemple.com,Homme,18      
Bédard,Léna,léna.bédard@exemple.com,Femme,52      
Renaud,Émilie,émilie.renaud@exemple.com,Femme,62      
Pelletier,Patrick,patrick.pelletier@exemple.com,Homme,36      
Beaulieu,Aurore,aurore.beaulieu@exemple.com,Femme,62      
Morissette,Cécile,cécile.morissette@exemple.com,Femme,50      
Bergeron,Thierry,thierry.bergeron@exemple.com,Homme,37      
Fortin,Frédéric,frédéric.fortin@exemple.com,Homme,29      
Ouellet,Patrick,patrick.ouellet@exemple.com,Homme,45      
Fortin,Camille,camille.fortin@exemple.com,Femme,25      
Lemieux,Michel,michel.lemieux@exemple.com,Homme,57      
Caron,Pierre,pierre.caron@exemple.com,Homme,22      
Gagnon,Vanessa,vanessa.gagnon@exemple.com,Femme,49      
St-Pierre,Aurore,aurore.st-pierre@exemple.com,Femme,18      
Morin,Claire,claire.morin@exemple.com,Femme,53      
Tremblay,Hélène,hélène.tremblay@exemple.com,Femme,52      
Lapointe,Thierry,thierry.lapointe@exemple.com,Homme,29      
Lachance,Frédéric,frédéric.lachance@exemple.com,Homme,47      
Tremblay,Guillaume,guillaume.tremblay@exemple.com,Homme,41      
Girard,Jessica,jessica.girard@exemple.com,Femme,32      
Lavoie,Fabrice,fabrice.lavoie@exemple.com,Homme,55      
Gagné,Laura,laura.gagné@exemple.com,Femme,30      
Côté,Mélanie,mélanie.côté@exemple.com,Femme,57      
Perron,Romain,romain.perron@exemple.com,Homme,64      
Lachance,Renaud,renaud.lachance@exemple.com,Homme,63      
Dupont,Élodie,élodie.dupont@exemple.com,Femme,34      
Beaulieu,Laurent,laurent.beaulieu@exemple.com,Homme,63      
Côté,Catherine,catherine.côté@exemple.com,Femme,50      
Leclerc,Jean,jean.leclerc@exemple.com,Homme,36      
Roy,Sylvie,sylvie.roy@exemple.com,Femme,59      
Dupont,Renaud,renaud.dupont@exemple.com,Homme,52      
Gosselin,Caroline,caroline.gosselin@exemple.com,Femme,24      
Poirier,Éva,éva.poirier@exemple.com,Femme,45      
Pelletier,Bruno,bruno.pelletier@exemple.com,Homme,39      
Renaud,Christine,christine.renaud@exemple.com,Femme,51      
Girard,Luc,luc.girard@exemple.com,Homme,27      
Desjardins,Mathieu,mathieu.desjardins@exemple.com,Homme,50      
Dubois,Thierry,thierry.dubois@exemple.com,Homme,52      
Gosselin,Anne,anne.gosselin@exemple.com,Femme,19      
Vachon,Guillaume,guillaume.vachon@exemple.com,Homme,64      
Marchand,Amélie,amélie.marchand@exemple.com,Femme,64      
Poirier,Julie,julie.poirier@exemple.com,Femme,51      
Lemieux,Sylvie,sylvie.lemieux@exemple.com,Femme,56      
Rousseau,Stéphanie,stéphanie.rousseau@exemple.com,Femme,38      
Lemieux,Virginie,virginie.lemieux@exemple.com,Femme,35      
Gauthier,Frédéric,frédéric.gauthier@exemple.com,Homme,37      
Gagné,Aurélie,aurélie.gagné@exemple.com,Femme,37      
Dion,Émilie,émilie.dion@exemple.com,Femme,44      
Martin,Mathilde,mathilde.martin@exemple.com,Femme,19      
Perron,Jérôme,jérôme.perron@exemple.com,Homme,57      
Paquette,Emmanuelle,emmanuelle.paquette@exemple.com,Femme,38      
Bédard,Aurore,aurore.bédard@exemple.com,Femme,51      
Lefebvre,Christophe,christophe.lefebvre@exemple.com,Homme,64      
Côté,Robert,robert.côté@exemple.com,Homme,22      
Morissette,Anne,anne.morissette@exemple.com,Femme,19      
Lemieux,Christophe,christophe.lemieux@exemple.com,Homme,21      
Martel,Luc,luc.martel@exemple.com,Homme,40      
Boivin,Louis,louis.boivin@exemple.com,Homme,49      
Bélanger,Éva,éva.bélanger@exemple.com,Femme,44      
Marchand,Mathilde,mathilde.marchand@exemple.com,Femme,54      
Beaulieu,Guillaume,guillaume.beaulieu@exemple.com,Homme,57      
Turcotte,Maxime,maxime.turcotte@exemple.com,Homme,65      
Boucher,Robert,robert.boucher@exemple.com,Homme,19      
Gagné,Gérard,gérard.gagné@exemple.com,Homme,58      
Bergeron,Lucie,lucie.bergeron@exemple.com,Femme,59      
St-Pierre,Éva,éva.st-pierre@exemple.com,Femme,23      
Pelletier,Romain,romain.pelletier@exemple.com,Homme,41      
Vachon,Richard,richard.vachon@exemple.com,Homme,18      
Roy,Sylvie,sylvie.roy@exemple.com,Femme,39      
Bouchard,Daniel,daniel.bouchard@exemple.com,Homme,35      
Rivard,Camille,camille.rivard@exemple.com,Femme,35      
Caron,Yannick,yannick.caron@exemple.com,Homme,31      
Roy,Martine,martine.roy@exemple.com,Femme,44      
Girard,Anne,anne.girard@exemple.com,Femme,28      
Rousseau,Pierre,pierre.rousseau@exemple.com,Homme,29      
Poirier,Sylvie,sylvie.poirier@exemple.com,Femme,30      
Perron,Cédric,cédric.perron@exemple.com,Homme,29      
Dion,Anne,anne.dion@exemple.com,Femme,39      
Bélanger,Amélie,amélie.bélanger@exemple.com,Femme,28      
Fortin,Hélène,hélène.fortin@exemple.com,Femme,33      
Simard,Alice,alice.simard@exemple.com,Femme,40      
Rousseau,Lucie,lucie.rousseau@exemple.com,Femme,62      
Rivard,Alain,alain.rivard@exemple.com,Homme,38      
Côté,Léa,léa.côté@exemple.com,Femme,22      
Morin,Sébastien,sébastien.morin@exemple.com,Homme,57      
Couture,Julien,julien.couture@exemple.com,Homme,26      
Marchand,Antoine,antoine.marchand@exemple.com,Homme,49      
Girard,Émilie,émilie.girard@exemple.com,Femme,62      
Dion,Marc,marc.dion@exemple.com,Homme,28      
Bédard,Jessica,jessica.bédard@exemple.com,Femme,60      
Beaulieu,Léa,léa.beaulieu@exemple.com,Femme,47      
Côté,Lucie,lucie.côté@exemple.com,Femme,58      
Caron,Laura,laura.caron@exemple.com,Femme,27      
Paquette,Alexandra,alexandra.paquette@exemple.com,Femme,54      
Martel,David,david.martel@exemple.com,Homme,62      
Lapointe,Michel,michel.lapointe@exemple.com,Homme,62      
Thibault,Clémence,clémence.thibault@exemple.com,Femme,18      
St-Pierre,Jessica,jessica.st-pierre@exemple.com,Femme,55      
Beaulieu,Élise,élise.beaulieu@exemple.com,Femme,46      
Caron,Isabelle,isabelle.caron@exemple.com,Femme,37      
Perron,Thierry,thierry.perron@exemple.com,Homme,56      
Gagnon,Mélanie,mélanie.gagnon@exemple.com,Femme,54      
Leblanc,Cécile,cécile.leblanc@exemple.com,Femme,61      
Marchand,Alice,alice.marchand@exemple.com,Femme,25      
Boucher,Élodie,élodie.boucher@exemple.com,Femme,25      
Bélanger,Catherine,catherine.bélanger@exemple.com,Femme,38      
Turcotte,Laurent,laurent.turcotte@exemple.com,Homme,56      
Dion,Thierry,thierry.dion@exemple.com,Homme,59      
Martin,Jacques,jacques.martin@exemple.com,Homme,26      
Fortin,Alexandra,alexandra.fortin@exemple.com,Femme,23      
Hamel,Julien,julien.hamel@exemple.com,Homme,41      
Desjardins,David,david.desjardins@exemple.com,Homme,32      
Beaulieu,Éric,éric.beaulieu@exemple.com,Homme,55      
Bouchard,Bruno,bruno.bouchard@exemple.com,Homme,30      
Martin,Caroline,caroline.martin@exemple.com,Femme,65      
St-Pierre,Élise,élise.st-pierre@exemple.com,Femme,38      
Renaud,Guillaume,guillaume.renaud@exemple.com,Homme,32      
Landry,Yannick,yannick.landry@exemple.com,Homme,58      
Bouchard,Jacques,jacques.bouchard@exemple.com,Homme,59      
Perron,Stéphanie,stéphanie.perron@exemple.com,Femme,44      
Lefebvre,Louis,louis.lefebvre@exemple.com,Homme,20      
Morin,Christophe,christophe.morin@exemple.com,Homme,36      
Gauthier,Georges,georges.gauthier@exemple.com,Homme,47      
Bélanger,Florence,florence.bélanger@exemple.com,Femme,59      
Marchand,Vincent,vincent.marchand@exemple.com,Homme,18      
Caron,Caroline,caroline.caron@exemple.com,Femme,53      
Bouchard,Cédric,cédric.bouchard@exemple.com,Homme,24      
Desjardins,Léa,léa.desjardins@exemple.com,Femme,56      
Paquette,Vincent,vincent.paquette@exemple.com,Homme,60      
St-Pierre,Vincent,vincent.st-pierre@exemple.com,Homme,45      
Thibault,Marie,marie.thibault@exemple.com,Femme,64      
Roy,Thomas,thomas.roy@exemple.com,Homme,61      
Boivin,Élise,élise.boivin@exemple.com,Femme,32      
Morin,Maëlle,maëlle.morin@exemple.com,Femme,20      
Simard,Audrey,audrey.simard@exemple.com,Femme,21      
Martin,Alexandre,alexandre.martin@exemple.com,Homme,29      
Caron,Isabelle,isabelle.caron@exemple.com,Femme,38      
Fortin,Sébastien,sébastien.fortin@exemple.com,Homme,59      
Bouchard,Sandrine,sandrine.bouchard@exemple.com,Femme,20      
Thibault,Thierry,thierry.thibault@exemple.com,Homme,34      
Beaulieu,Alexandra,alexandra.beaulieu@exemple.com,Femme,49      
Desjardins,Sébastien,sébastien.desjardins@exemple.com,Homme,20      
Bouchard,Aurore,aurore.bouchard@exemple.com,Femme,26      
Morissette,Sarah,sarah.morissette@exemple.com,Femme,39      
Marchand,Maxime,maxime.marchand@exemple.com,Homme,57      
Ménard,Cécile,cécile.ménard@exemple.com,Femme,35      
Lavoie,Amélie,amélie.lavoie@exemple.com,Femme,48      
Landry,Pauline,pauline.landry@exemple.com,Femme,42      
Morissette,Élodie,élodie.morissette@exemple.com,Femme,59      
Bélanger,Clémence,clémence.bélanger@exemple.com,Femme,32      
Martel,Julien,julien.martel@exemple.com,Homme,63      
Lemieux,Aurélie,aurélie.lemieux@exemple.com,Femme,27      
Rousseau,Julie,julie.rousseau@exemple.com,Femme,45      
Dubois,Valérie,valérie.dubois@exemple.com,Femme,38      
Fortin,Charlotte,charlotte.fortin@exemple.com,Femme,25      
Roy,Christophe,christophe.roy@exemple.com,Homme,30      
Dupont,Jacques,jacques.dupont@exemple.com,Homme,48      
Caron,Paul,paul.caron@exemple.com,Homme,33      
Leclerc,Pierre,pierre.leclerc@exemple.com,Homme,28      
Couture,Sandrine,sandrine.couture@exemple.com,Femme,46      
Dupont,Martine,martine.dupont@exemple.com,Femme,30      
Lefebvre,Camille,camille.lefebvre@exemple.com,Femme,38      
Lefebvre,Jacques,jacques.lefebvre@exemple.com,Homme,39      
Boucher,Jean,jean.boucher@exemple.com,Homme,35      
Desjardins,Élizabeth,élizabeth.desjardins@exemple.com,Femme,50      
Morissette,Laurence,laurence.morissette@exemple.com,Femme,64      
Lavoie,Antoine,antoine.lavoie@exemple.com,Homme,60      
Gagnon,Claire,claire.gagnon@exemple.com,Femme,31      
Turcotte,Thomas,thomas.turcotte@exemple.com,Homme,27      
Couture,Richard,richard.couture@exemple.com,Homme,37      
Dion,Chloé,chloé.dion@exemple.com,Femme,64      
Lefebvre,Louis,louis.lefebvre@exemple.com,Homme,59      
Bélanger,Aurore,aurore.bélanger@exemple.com,Femme,30      
Lachance,Alexandre,alexandre.lachance@exemple.com,Homme,27      
Gagné,Sébastien,sébastien.gagné@exemple.com,Homme,55      
Lefebvre,Jessica,jessica.lefebvre@exemple.com,Femme,36      
Renaud,Arnaud,arnaud.renaud@exemple.com,Homme,63      
Bélanger,Catherine,catherine.bélanger@exemple.com,Femme,48      
Martel,Valérie,valérie.martel@exemple.com,Femme,22      
Leblanc,Stéphanie,stéphanie.leblanc@exemple.com,Femme,22      
Leblanc,Mathieu,mathieu.leblanc@exemple.com,Homme,32      
Ménard,Nicolas,nicolas.ménard@exemple.com,Homme,31      
Turcotte,Christine,christine.turcotte@exemple.com,Femme,22      
Ouellet,Yannick,yannick.ouellet@exemple.com,Homme,48      
Fortin,Charlotte,charlotte.fortin@exemple.com,Femme,20      
Turcotte,Élise,élise.turcotte@exemple.com,Femme,30      
Morissette,Valérie,valérie.morissette@exemple.com,Femme,43      
Martin,Élodie,élodie.martin@exemple.com,Femme,50      
Lavoie,Jean,jean.lavoie@exemple.com,Homme,27      
Renaud,Bruno,bruno.renaud@exemple.com,Homme,37      
Turcotte,Alain,alain.turcotte@exemple.com,Homme,46      
Lefebvre,Maxime,maxime.lefebvre@exemple.com,Homme,43      
Beaulieu,Marion,marion.beaulieu@exemple.com,Femme,60      
Pelletier,Christophe,christophe.pelletier@exemple.com,Homme,23      
Gosselin,Cédric,cédric.gosselin@exemple.com,Homme,33      
Perron,Olivier,olivier.perron@exemple.com,Homme,26      
Caron,Éric,éric.caron@exemple.com,Homme,30      
Dion,Pauline,pauline.dion@exemple.com,Femme,36      
Morissette,Mathieu,mathieu.morissette@exemple.com,Homme,25      
Lavoie,Charlotte,charlotte.lavoie@exemple.com,Femme,35      
Beaulieu,Arnaud,arnaud.beaulieu@exemple.com,Homme,23      
Bédard,Lucie,lucie.bédard@exemple.com,Femme,47      
Gauthier,Guillaume,guillaume.gauthier@exemple.com,Homme,28      
Boucher,Yannick,yannick.boucher@exemple.com,Homme,52      
Lefebvre,Léna,léna.lefebvre@exemple.com,Femme,27      
Rousseau,Yannick,yannick.rousseau@exemple.com,Homme,30      
Desjardins,Julie,julie.desjardins@exemple.com,Femme,19      
Ménard,Gérard,gérard.ménard@exemple.com,Homme,51      
Bélanger,Anne,anne.bélanger@exemple.com,Femme,58      
Beaulieu,Paul,paul.beaulieu@exemple.com,Homme,40      
Paquette,Florence,florence.paquette@exemple.com,Femme,46      
Thibault,Antoine,antoine.thibault@exemple.com,Homme,63      
St-Pierre,Denis,denis.st-pierre@exemple.com,Homme,53      
Poirier,Claire,claire.poirier@exemple.com,Femme,63      
Dion,Julien,julien.dion@exemple.com,Homme,44      
Desjardins,Hervé,hervé.desjardins@exemple.com,Homme,28      
Martel,Maxime,maxime.martel@exemple.com,Homme,18      
Pelletier,Richard,richard.pelletier@exemple.com,Homme,65      
Renaud,Martine,martine.renaud@exemple.com,Femme,33      
Renaud,Georges,georges.renaud@exemple.com,Homme,35      
Lapointe,Patrick,patrick.lapointe@exemple.com,Homme,30      
Boivin,Sylvie,sylvie.boivin@exemple.com,Femme,22      
Roy,Aurélie,aurélie.roy@exemple.com,Femme,62      
Couture,Pierre,pierre.couture@exemple.com,Homme,50      
Martin,Catherine,catherine.martin@exemple.com,Femme,51      
Gagnon,Georges,georges.gagnon@exemple.com,Homme,64      
Leclerc,Sébastien,sébastien.leclerc@exemple.com,Homme,47      
Lefebvre,Gérard,gérard.lefebvre@exemple.com,Homme,31      
Dupont,Laura,laura.dupont@exemple.com,Femme,20      
Hamel,Lucie,lucie.hamel@exemple.com,Femme,34      
Pelletier,Christine,christine.pelletier@exemple.com,Femme,39      
Côté,Marie,marie.côté@exemple.com,Femme,47      
Ouellet,Julie,julie.ouellet@exemple.com,Femme,18      
Gauthier,Laurence,laurence.gauthier@exemple.com,Femme,48      
Renaud,Philippe,philippe.renaud@exemple.com,Homme,24      
Hamel,Julien,julien.hamel@exemple.com,Homme,31      
Leclerc,Charles,charles.leclerc@exemple.com,Homme,23      
Girard,Paul,paul.girard@exemple.com,Homme,44      
Leclerc,Nathalie,nathalie.leclerc@exemple.com,Femme,40      
Morin,Renaud,renaud.morin@exemple.com,Homme,28      
Fortin,Daniel,daniel.fortin@exemple.com,Homme,28      
Vachon,Charlotte,charlotte.vachon@exemple.com,Femme,58      
Lachance,Maxime,maxime.lachance@exemple.com,Homme,61      
Boivin,Antoine,antoine.boivin@exemple.com,Homme,31      
Girard,Jacques,jacques.girard@exemple.com,Homme,29      
Boivin,Aurélie,aurélie.boivin@exemple.com,Femme,46      
Morissette,Jessica,jessica.morissette@exemple.com,Femme,24      
Côté,Éric,éric.côté@exemple.com,Homme,21      
Couture,Denis,denis.couture@exemple.com,Homme,43      
Beaulieu,Martine,martine.beaulieu@exemple.com,Femme,29      
Tremblay,Luc,luc.tremblay@exemple.com,Homme,21      
Desjardins,Sophie,sophie.desjardins@exemple.com,Femme,30      
Rivard,Lucie,lucie.rivard@exemple.com,Femme,28      
Lefebvre,Julien,julien.lefebvre@exemple.com,Homme,29      
Couture,Chloé,chloé.couture@exemple.com,Femme,36      
Lefebvre,Laurent,laurent.lefebvre@exemple.com,Homme,58      
Ménard,Sandrine,sandrine.ménard@exemple.com,Femme,59      
Simard,David,david.simard@exemple.com,Homme,65      
Lefebvre,Clémence,clémence.lefebvre@exemple.com,Femme,34      
Dupont,Fabrice,fabrice.dupont@exemple.com,Homme,60      
Girard,David,david.girard@exemple.com,Homme,51      
Lefebvre,Caroline,caroline.lefebvre@exemple.com,Femme,27      
Turcotte,Hélène,hélène.turcotte@exemple.com,Femme,49      
Hamel,Éva,éva.hamel@exemple.com,Femme,64      
Fortin,Léa,léa.fortin@exemple.com,Femme,39      
Lemieux,Pierre,pierre.lemieux@exemple.com,Homme,26      
Martel,Charles,charles.martel@exemple.com,Homme,42      
Perron,Stéphanie,stéphanie.perron@exemple.com,Femme,57      
Leclerc,Cédric,cédric.leclerc@exemple.com,Homme,25      
Roy,Mathilde,mathilde.roy@exemple.com,Femme,21      
Rivard,Alain,alain.rivard@exemple.com,Homme,32      
Poirier,Patrick,patrick.poirier@exemple.com,Homme,65      
Dubois,Olivier,olivier.dubois@exemple.com,Homme,45      
Renaud,Alain,alain.renaud@exemple.com,Homme,24      
Leclerc,Christine,christine.leclerc@exemple.com,Femme,46      
Dubois,Sylvie,sylvie.dubois@exemple.com,Femme,49      
Bouchard,Laurence,laurence.bouchard@exemple.com,Femme,58      
Paquette,Georges,georges.paquette@exemple.com,Homme,44      
Poirier,Valérie,valérie.poirier@exemple.com,Femme,30      
Couture,Fabrice,fabrice.couture@exemple.com,Homme,55      
Couture,Gérard,gérard.couture@exemple.com,Homme,63      
Ménard,Denis,denis.ménard@exemple.com,Homme,33      
Roy,Vanessa,vanessa.roy@exemple.com,Femme,64      
Bouchard,Jean,jean.bouchard@exemple.com,Homme,52      
Hamel,Audrey,audrey.hamel@exemple.com,Femme,63      
Fortin,Sylvie,sylvie.fortin@exemple.com,Femme,54      
Boucher,Valérie,valérie.boucher@exemple.com,Femme,33      
Fortin,Romain,romain.fortin@exemple.com,Homme,27      
Bédard,Lucie,lucie.bédard@exemple.com,Femme,29      
Lavoie,Charles,charles.lavoie@exemple.com,Homme,60      
Bélanger,Élodie,élodie.bélanger@exemple.com,Femme,59      
Bélanger,Olivier,olivier.bélanger@exemple.com,Homme,58      
Paquette,Daniel,daniel.paquette@exemple.com,Homme,30      
Renaud,Vanessa,vanessa.renaud@exemple.com,Femme,37      
Lemieux,Guillaume,guillaume.lemieux@exemple.com,Homme,48      
Morin,Bruno,bruno.morin@exemple.com,Homme,55      
Pelletier,Daniel,daniel.pelletier@exemple.com,Homme,27      
Bélanger,Alexandre,alexandre.bélanger@exemple.com,Homme,33      
Dubois,Emmanuel,emmanuel.dubois@exemple.com,Homme,33      
Morin,Pauline,pauline.morin@exemple.com,Femme,34      
Roy,Élizabeth,élizabeth.roy@exemple.com,Femme,51      
Bergeron,Louis,louis.bergeron@exemple.com,Homme,23      
Ouellet,Robert,robert.ouellet@exemple.com,Homme,51      
Martel,Emmanuel,emmanuel.martel@exemple.com,Homme,51      
Vachon,Jacques,jacques.vachon@exemple.com,Homme,64      
Thibault,Alain,alain.thibault@exemple.com,Homme,56      
Rivard,Charles,charles.rivard@exemple.com,Homme,20      
Rousseau,Marie,marie.rousseau@exemple.com,Femme,43      
Pelletier,Emmanuel,emmanuel.pelletier@exemple.com,Homme,29      
Lapointe,Éric,éric.lapointe@exemple.com,Homme,54      
Thibault,Éva,éva.thibault@exemple.com,Femme,48      
Morissette,Sarah,sarah.morissette@exemple.com,Femme,50      
Leclerc,Sébastien,sébastien.leclerc@exemple.com,Homme,49      
Simard,Vincent,vincent.simard@exemple.com,Homme,30      
Turcotte,Emmanuelle,emmanuelle.turcotte@exemple.com,Femme,38      
Côté,Georges,georges.côté@exemple.com,Homme,55      
Fortin,Alexandre,alexandre.fortin@exemple.com,Homme,39      
Simard,Luc,luc.simard@exemple.com,Homme,26      
Bergeron,Vincent,vincent.bergeron@exemple.com,Homme,51      
Bélanger,Bruno,bruno.bélanger@exemple.com,Homme,37      
Poirier,Laurent,laurent.poirier@exemple.com,Homme,61      
Rivard,Aurélie,aurélie.rivard@exemple.com,Femme,20      
Ménard,Louis,louis.ménard@exemple.com,Homme,48      
Leblanc,Émilie,émilie.leblanc@exemple.com,Femme,55      
Bédard,Louis,louis.bédard@exemple.com,Homme,20      
Fortin,Émilie,émilie.fortin@exemple.com,Femme,44      
Lefebvre,David,david.lefebvre@exemple.com,Homme,65      
St-Pierre,Lucie,lucie.st-pierre@exemple.com,Femme,23      
Paquette,Éva,éva.paquette@exemple.com,Femme,37      
Boucher,Vanessa,vanessa.boucher@exemple.com,Femme,19      
Gauthier,Alexandra,alexandra.gauthier@exemple.com,Femme,18      
Boucher,Clémence,clémence.boucher@exemple.com,Femme,52      
Beaulieu,Maëlle,maëlle.beaulieu@exemple.com,Femme,37      
Dion,Philippe,philippe.dion@exemple.com,Homme,50      
Gagnon,Sarah,sarah.gagnon@exemple.com,Femme,57      
Bélanger,Jessica,jessica.bélanger@exemple.com,Femme,45      
Lefebvre,Éva,éva.lefebvre@exemple.com,Femme,24      
Leblanc,Jean,jean.leblanc@exemple.com,Homme,51      
Beaulieu,Fabrice,fabrice.beaulieu@exemple.com,Homme,30      
Perron,Luc,luc.perron@exemple.com,Homme,43      
Rousseau,Charles,charles.rousseau@exemple.com,Homme,52      
Tremblay,Vincent,vincent.tremblay@exemple.com,Homme,18      
Rousseau,Catherine,catherine.rousseau@exemple.com,Femme,34      
Thibault,Thomas,thomas.thibault@exemple.com,Homme,53      
Couture,Georges,georges.couture@exemple.com,Homme,64      
Morin,Océane,océane.morin@exemple.com,Femme,35      
Morissette,Élodie,élodie.morissette@exemple.com,Femme,50      
Hamel,Fabrice,fabrice.hamel@exemple.com,Homme,29      
Simard,David,david.simard@exemple.com,Homme,44      
Tremblay,Nathalie,nathalie.tremblay@exemple.com,Femme,53      
Leclerc,Virginie,virginie.leclerc@exemple.com,Femme,20      
Beaulieu,Charlotte,charlotte.beaulieu@exemple.com,Femme,43      
Côté,Hélène,hélène.côté@exemple.com,Femme,31      
Marchand,Cécile,cécile.marchand@exemple.com,Femme,45      
Leblanc,Richard,richard.leblanc@exemple.com,Homme,23      
Morissette,Alice,alice.morissette@exemple.com,Femme,29      
Martel,Éric,éric.martel@exemple.com,Homme,20      
Renaud,Jessica,jessica.renaud@exemple.com,Femme,38      
Bouchard,Cécile,cécile.bouchard@exemple.com,Femme,57      
Bergeron,Élizabeth,élizabeth.bergeron@exemple.com,Femme,63      
Bédard,Aurore,aurore.bédard@exemple.com,Femme,49      
